peptide_mut	peptide_wt	hla	gene	aa_change	study_id	patient_id	assay_type	label	label_tier	source_name	source_year	is_tesla	is_simulated	is_mouse
YLQPRTFLL	YLQPRTFVL	HLA-A*02:01	KRAS	G12D	STUDY-DEV-1	P001	ELISpot	1	A	smoke_curated	2024	0	0	0
LLFGYPVYV	LLFGYPVYI	HLA-A*02:01	TP53	R175H	STUDY-DEV-1	P001	ELISpot	1	A	smoke_curated	2024	0	0	0
GLCTLVAML	GLCTLVAMM	HLA-A*02:01	EGFR	L858R	STUDY-DEV-1	P002	FACS	0	A	smoke_curated	2024	0	0	0
KVAELVHFL	KVAELVHFI	HLA-A*02:01	BRAF	V600E	STUDY-DEV-1	P003	ELISpot	1	A	smoke_curated	2024	0	0	0
AVGSYQPRT	AVGSYQPRA	HLA-A*11:01	PIK3CA	E545K	STUDY-DEV-2	P004	ELISpot	1	A	smoke_curated	2024	0	0	0
RVLKDGAIL	RVLKDGAVL	HLA-A*11:01	NRAS	Q61R	STUDY-DEV-2	P004	FACS	0	A	smoke_curated	2024	0	0	0
QYIKANSKL	QYIKANSEL	HLA-A*11:01	CTNNB1	S45F	STUDY-DEV-2	P005	ELISpot	1	A	smoke_curated	2024	0	0	0
FTSDYYQLY	FTSDYYQLF	HLA-A*11:01	ALK	F1174L	STUDY-DEV-2	P006	FACS	0	A	smoke_curated	2024	0	0	0
RPPIFIRRL	RPPIFIRVL	HLA-B*07:02	IDH1	R132H	STUDY-DEV-3	P007	ELISpot	1	A	smoke_curated	2024	0	0	0
APRGPHGGA	APRGPHGGT	HLA-B*07:02	SMAD4	D351H	STUDY-DEV-3	P007	FACS	0	A	smoke_curated	2024	0	0	0
SPRWYFYYL	SPRWYFYYF	HLA-B*07:02	HER2	S310F	STUDY-DEV-3	P008	ELISpot	1	A	smoke_curated	2024	0	0	0
TPRVTGGGF	TPRVTGGGI	HLA-B*07:02	PTEN	R130Q	STUDY-DEV-3	P009	FACS	0	A	smoke_curated	2024	0	0	0
QGAFVHFYG	QGAFVHFYA	HLA-B*08:01	JAK2	V617F	STUDY-CONFIRM	P010	ELISpot	1	A	smoke_curated	2024	0	0	0
LLDVPTAAV	LLDVPTAAT	HLA-B*08:01	MAP2K1	K57N	STUDY-CONFIRM	P010	FACS	0	A	smoke_curated	2024	0	0	0
GILGFVFTL	GILGFVFTI	HLA-B*08:01	FGFR3	S249C	STUDY-CONFIRM	P011	ELISpot	1	B	smoke_curated	2024	0	0	0
KTWGQYWQV	KTWGQYWQI	HLA-B*08:01	ERBB3	V104L	STUDY-CONFIRM	P012	FACS	0	B	smoke_curated	2024	0	0	0
SLYNTVATL	SLYNTVATI	HLA-A*02:01	APC	E1309D	STUDY-BLIND	P013	ELISpot	1	A	smoke_curated	2024	1	0	0
KLGGALQAK	KLGGALQAA	HLA-A*11:01	NPM1	W288fs	STUDY-BLIND	P013	FACS	0	A	smoke_curated	2024	1	0	0
RAKFKQLLQ	RAKFKQLLA	HLA-B*07:02	ROS1	G2032R	STUDY-BLIND	P014	ELISpot	1	A	smoke_curated	2024	1	0	0
HPVHAGPIA	HPVHAGPIV	HLA-B*08:01	AKT1	E17K	STUDY-BLIND	P015	FACS	0	A	smoke_curated	2024	1	0	0

