peptide_mut	peptide_wt	hla	gene	aa_change	study_id	patient_id	assay_type	label	label_tier	source_name	source_year	is_tesla	is_simulated	is_mouse	ba_score	el_score	ba_rank	el_rank	wt_ba_score	wt_el_score	wt_ba_rank	wt_el_rank	stab_score	stab_rank	foreignness_score	blast_bitscore	blast_pident	expression_tpm
VLSPADKTNVK	VLSPADKTNIK	CTX-BRCA1	BRCA1	M1775R	STUDY-DEV-VAR-1	VAR001	DMS	1	A	variant_smoke	2025	0	0	0	120.0	0.88	0.6	0.9	950.0	0.21	5.2	8.7	9.8	4.0	0.42	27.0	58.0	5.5
GAGGVGKSALT	GAGGVGKSALL	CTX-RAF1	RAF1	V600E	STUDY-DEV-VAR-1	VAR001	DMS	1	A	variant_smoke	2025	0	0	0	140.0	0.84	0.8	1.1	880.0	0.25	5.8	8.1	9.1	5.0	0.38	29.0	61.0	4.8
MEEPQSDPSVV	MEEPQSDPSVA	CTX-TP53	TP53	R248Q	STUDY-DEV-VAR-1	VAR002	ClinVar	0	A	variant_smoke	2025	0	0	0	910.0	0.24	6.8	8.9	180.0	0.82	1.2	1.4	4.2	25.0	0.71	18.0	29.0	2.1
IQQEASQAAAT	IQQEASQAAAC	CTX-CFTR	CFTR	F508del	STUDY-DEV-VAR-1	VAR002	ClinVar	0	A	variant_smoke	2025	0	0	0	980.0	0.19	7.4	9.4	210.0	0.79	1.5	1.9	3.9	28.0	0.74	16.0	26.0	1.6
LLIYSGGELFK	LLIYSGGELFR	CTX-BRCA1	BRCA1	C61G	STUDY-DEV-VAR-2	VAR003	DMS	1	A	variant_smoke	2025	0	0	0	155.0	0.81	0.9	1.3	760.0	0.28	4.9	7.6	8.8	6.1	0.35	30.0	64.0	4.4
KSVTCTYSPAL	KSVTCTYSPAA	CTX-RAF1	BRAF	G469A	STUDY-DEV-VAR-2	VAR003	DMS	1	A	variant_smoke	2025	0	0	0	165.0	0.79	1.0	1.6	700.0	0.32	4.4	7.1	8.5	7.0	0.33	31.0	65.0	4.0
SQETFSDLWKL	SQETFSDLWKM	CTX-TP53	TP53	Y220C	STUDY-DEV-VAR-2	VAR004	ClinVar	0	A	variant_smoke	2025	0	0	0	860.0	0.29	6.2	8.0	250.0	0.77	1.8	2.0	4.6	23.0	0.68	20.0	33.0	2.3
ATLQKGIILTL	ATLQKGIILTM	CTX-CFTR	CFTR	G551D	STUDY-DEV-VAR-2	VAR004	ClinVar	0	A	variant_smoke	2025	0	0	0	930.0	0.22	7.1	9.0	230.0	0.75	1.6	2.1	4.1	27.0	0.72	17.0	27.0	1.8
NVKAKIQDKEG	NVKAKIQDKEA	CTX-BRCA1	BRCA1	A1708E	STUDY-DEV-VAR-3	VAR005	DMS	1	A	variant_smoke	2025	0	0	0	175.0	0.77	1.2	1.8	690.0	0.34	4.2	6.8	8.4	7.4	0.31	32.0	67.0	4.1
RKQVEQMVKYL	RKQVEQMVKFL	CTX-RAF1	RAF1	S257L	STUDY-DEV-VAR-3	VAR005	DMS	1	A	variant_smoke	2025	0	0	0	180.0	0.75	1.4	1.9	640.0	0.36	3.9	6.2	8.2	8.1	0.29	33.0	68.0	3.9
PSQAMDDLMLS	PSQAMDDLMLA	CTX-TP53	TP53	R273H	STUDY-DEV-VAR-3	VAR006	ClinVar	0	A	variant_smoke	2025	0	0	0	840.0	0.31	6.0	7.7	260.0	0.74	2.0	2.2	4.7	22.0	0.66	21.0	34.0	2.5
TLQWAVNSSID	TLQWAVNSSIN	CTX-CFTR	CFTR	N1303K	STUDY-DEV-VAR-3	VAR006	ClinVar	0	A	variant_smoke	2025	0	0	0	900.0	0.25	6.9	8.7	240.0	0.73	1.9	2.3	4.4	24.0	0.70	18.0	28.0	2.0
ITLEVEPSDTI	ITLEVEPSDTV	CTX-BRCA1	BRCA1	P1749R	STUDY-DEV-VAR-4	VAR007	DMS	1	A	variant_smoke	2025	0	0	0	145.0	0.83	0.7	1.0	820.0	0.27	5.1	7.8	9.0	5.4	0.37	28.0	60.0	4.6
FVDEYDPTIED	FVDEYDPTIEG	CTX-RAF1	BRAF	D594G	STUDY-DEV-VAR-4	VAR007	DMS	1	A	variant_smoke	2025	0	0	0	160.0	0.80	0.9	1.4	720.0	0.33	4.6	7.2	8.7	6.4	0.34	30.0	63.0	4.2
DDLMLSPDDIE	DDLMLSPDDID	CTX-TP53	TP53	G245S	STUDY-DEV-VAR-4	VAR008	ClinVar	0	A	variant_smoke	2025	0	0	0	870.0	0.28	6.4	8.3	255.0	0.76	1.7	2.1	4.5	24.0	0.69	19.0	31.0	2.2
NIMSTLQWAVN	NIMSTLQWAVK	CTX-CFTR	CFTR	R117H	STUDY-DEV-VAR-4	VAR008	ClinVar	0	A	variant_smoke	2025	0	0	0	940.0	0.20	7.3	9.2	220.0	0.78	1.4	1.8	4.0	29.0	0.73	16.0	25.0	1.7
DKEGIPPDQQR	DKEGIPPDQQK	CTX-BRCA1	BRCA1	R1835Q	STUDY-CONFIRM-VAR-1	VAR009	DMS	1	A	variant_smoke	2025	0	0	0	170.0	0.78	1.1	1.7	710.0	0.33	4.5	7.0	8.6	6.8	0.32	31.0	66.0	4.0
MQMVKYLTLRQ	MQMVKYLTLRK	CTX-RAF1	RAF1	L613V	STUDY-CONFIRM-VAR-1	VAR009	DMS	1	A	variant_smoke	2025	0	0	0	185.0	0.74	1.5	2.0	630.0	0.37	3.8	6.0	8.1	8.3	0.28	34.0	69.0	3.7
SPDDIEQWFTE	SPDDIEQWFTA	CTX-TP53	TP53	R282W	STUDY-CONFIRM-VAR-1	VAR010	ClinVar	0	A	variant_smoke	2025	0	0	0	850.0	0.30	6.1	7.9	250.0	0.75	1.8	2.0	4.6	23.0	0.67	20.0	32.0	2.4
AVNSSIDVDSL	AVNSSIDVDSI	CTX-CFTR	CFTR	S549N	STUDY-CONFIRM-VAR-1	VAR010	ClinVar	0	A	variant_smoke	2025	0	0	0	915.0	0.23	7.0	8.8	235.0	0.74	1.7	2.2	4.2	26.0	0.71	17.0	26.0	1.9
EPSDTIENVKA	EPSDTIENVKG	CTX-BRCA1	BRCA1	E23V	STUDY-BLIND-VAR-1	VAR011	DMS	1	A	variant_smoke	2025	0	0	0	150.0	0.82	0.8	1.2	790.0	0.29	4.8	7.4	8.9	5.8	0.36	29.0	62.0	4.5
YDPTIEDSYRK	YDPTIEDSYRG	CTX-RAF1	BRAF	K601E	STUDY-BLIND-VAR-1	VAR011	DMS	1	A	variant_smoke	2025	0	0	0	158.0	0.81	0.9	1.3	735.0	0.31	4.5	7.0	8.8	6.2	0.35	30.0	63.0	4.1
MLSPDDIEQWF	MLSPDDIEQWA	CTX-TP53	TP53	C277F	STUDY-BLIND-VAR-1	VAR012	ClinVar	0	A	variant_smoke	2025	0	0	0	880.0	0.27	6.5	8.4	245.0	0.75	1.8	2.1	4.4	25.0	0.68	19.0	30.0	2.3
TLQWAVNSSVD	TLQWAVNSSVQ	CTX-CFTR	CFTR	W1282X	STUDY-BLIND-VAR-1	VAR012	ClinVar	0	A	variant_smoke	2025	0	0	0	955.0	0.18	7.5	9.5	205.0	0.80	1.3	1.7	3.8	30.0	0.75	15.0	24.0	1.5
